{"cameraMode":{"drawMode":0,"name":"Shaded","section":"Shading Mode"},"sceneLighting":false,"audioPlay":false,"sceneViewState":{"showFog":true,"showMaterialUpdate":false,"showSkybox":false,"showFlares":true,"showImageEffects":true,"showParticleSystems":true},"in2DMode":false,"pivot":{"x":-0.029959678649902345,"y":2.347370147705078,"z":0.0},"rotation":{"x":0.08132586628198624,"y":0.28218990564346316,"z":-0.024023236706852914,"w":0.9556329846382141},"size":7.836515426635742,"orthographic":true}