{"cameraMode":{"drawMode":0,"name":"Shaded","section":"Shading Mode"},"sceneLighting":true,"audioPlay":false,"sceneViewState":{"showFog":true,"showMaterialUpdate":false,"showSkybox":true,"showFlares":true,"showImageEffects":true,"showParticleSystems":true},"in2DMode":false,"pivot":{"x":105.7421875,"y":-21.11279296875,"z":86.52572631835938},"rotation":{"x":0.20411035418510438,"y":0.6752289533615112,"z":-0.20287705957889558,"w":0.6792201995849609},"size":108.57335662841797,"orthographic":true}