{"cameraMode":{"drawMode":0,"name":"Shaded","section":"Shading Mode"},"sceneLighting":true,"audioPlay":false,"sceneViewState":{"showFog":true,"showMaterialUpdate":false,"showSkybox":true,"showFlares":true,"showImageEffects":true,"showParticleSystems":true},"in2DMode":false,"pivot":{"x":-0.38627099990844729,"y":0.5235252380371094,"z":-0.5627955198287964},"rotation":{"x":0.14071601629257203,"y":0.6390584111213684,"z":-0.12045997381210327,"w":0.7465206980705261},"size":5.513485908508301,"orthographic":false}