{"cameraMode":{"drawMode":0,"name":"Shaded","section":"Shading Mode"},"sceneLighting":false,"audioPlay":false,"sceneViewState":{"showFog":true,"showMaterialUpdate":false,"showSkybox":false,"showFlares":true,"showImageEffects":true,"showParticleSystems":true},"in2DMode":false,"pivot":{"x":13.783187866210938,"y":26.181331634521486,"z":-17.014659881591798},"rotation":{"x":0.006148126907646656,"y":0.6831941604614258,"z":-0.005723153706640005,"w":0.7302284836769104},"size":7.130626201629639,"orthographic":true}