{"cameraMode":{"drawMode":0,"name":"Shaded","section":"Shading Mode"},"sceneLighting":false,"audioPlay":false,"sceneViewState":{"showFog":true,"showMaterialUpdate":false,"showSkybox":false,"showFlares":true,"showImageEffects":true,"showParticleSystems":true},"in2DMode":false,"pivot":{"x":0.06658875942230225,"y":0.08146548271179199,"z":6.57289981842041},"rotation":{"x":0.023760171607136728,"y":0.7244766354560852,"z":-0.025004882365465165,"w":0.6884399056434631},"size":5.109138488769531,"orthographic":true}