{"cameraMode":{"drawMode":0,"name":"Shaded","section":"Shading Mode"},"sceneLighting":true,"audioPlay":false,"sceneViewState":{"showFog":true,"showMaterialUpdate":false,"showSkybox":true,"showFlares":true,"showImageEffects":true,"showParticleSystems":true},"in2DMode":false,"pivot":{"x":80.52747344970703,"y":53.26605224609375,"z":82.45426940917969},"rotation":{"x":0.20384761691093446,"y":-0.3627726137638092,"z":0.08165575563907623,"w":0.9056349992752075},"size":137.4837646484375,"orthographic":true}