{"cameraMode":{"drawMode":0,"name":"Shaded","section":"Shading Mode"},"sceneLighting":false,"audioPlay":false,"sceneViewState":{"showFog":true,"showMaterialUpdate":false,"showSkybox":true,"showFlares":true,"showImageEffects":true,"showParticleSystems":true},"in2DMode":false,"pivot":{"x":42.1943359375,"y":-0.699951171875,"z":147.094970703125},"rotation":{"x":0.09215421974658966,"y":0.12304767221212387,"z":-0.011476592160761357,"w":0.988048255443573},"size":7.901580810546875,"orthographic":true}