{"cameraMode":{"drawMode":0,"name":"Shaded","section":"Shading Mode"},"sceneLighting":true,"audioPlay":false,"sceneViewState":{"showFog":true,"showMaterialUpdate":false,"showSkybox":true,"showFlares":true,"showImageEffects":true,"showParticleSystems":true},"in2DMode":false,"pivot":{"x":32.620086669921878,"y":4.570194244384766,"z":-0.1327190399169922},"rotation":{"x":-0.132456973195076,"y":-0.5982474088668823,"z":0.10108546167612076,"w":-0.7838392853736877},"size":59.74906539916992,"orthographic":false}