{"cameraMode":{"drawMode":0,"name":"Shaded","section":"Shading Mode"},"sceneLighting":false,"audioPlay":false,"sceneViewState":{"showFog":true,"showMaterialUpdate":false,"showSkybox":false,"showFlares":true,"showImageEffects":true,"showParticleSystems":true},"in2DMode":false,"pivot":{"x":-0.32373046875,"y":1.102569580078125,"z":3.022216796875},"rotation":{"x":0.057486679404973987,"y":0.9276198148727417,"z":0.33242571353912356,"w":-0.16051897406578065},"size":2.066364049911499,"orthographic":true}