{"cameraMode":{"drawMode":0,"name":"Shaded","section":"Shading Mode"},"sceneLighting":false,"audioPlay":false,"sceneViewState":{"showFog":true,"showMaterialUpdate":false,"showSkybox":true,"showFlares":true,"showImageEffects":true,"showParticleSystems":true},"in2DMode":false,"pivot":{"x":-0.7164134979248047,"y":-1.95947265625,"z":-4.73681640625},"rotation":{"x":-0.024964459240436555,"y":-0.9649369716644287,"z":0.09963870793581009,"w":-0.24165062606334687},"size":18.88775062561035,"orthographic":true}