{"cameraMode":{"drawMode":0,"name":"Shaded","section":"Shading Mode"},"sceneLighting":true,"audioPlay":false,"sceneViewState":{"showFog":true,"showMaterialUpdate":false,"showSkybox":true,"showFlares":true,"showImageEffects":true,"showParticleSystems":true},"in2DMode":false,"pivot":{"x":73.2658920288086,"y":4.192283630371094,"z":113.20519256591797},"rotation":{"x":0.19831311702728272,"y":-0.6547428965568543,"z":0.18395331501960755,"w":0.7058259844779968},"size":131.9678192138672,"orthographic":true}