{"cameraMode":{"drawMode":0,"name":"Shaded","section":"Shading Mode"},"sceneLighting":true,"audioPlay":false,"sceneViewState":{"showFog":true,"showMaterialUpdate":false,"showSkybox":true,"showFlares":true,"showImageEffects":true,"showParticleSystems":true},"in2DMode":false,"pivot":{"x":144.60128784179688,"y":38.14019775390625,"z":270.09295654296877},"rotation":{"x":0.17207561433315278,"y":0.8266998529434204,"z":-0.3532416522502899,"w":0.40271279215812685},"size":214.39537048339845,"orthographic":false}